class_idx,class_label,precision,recall,f1,support
0,Fail,0.5,0.5,0.5,2
1,DD,0.3,0.42857142857142855,0.35294117647058826,7
2,DC,0.5,0.6,0.5454545454545454,5
3,CC,0.4,0.5,0.4444444444444444,4
4,CB,0.0,0.0,0.0,2
5,BB,0.0,0.0,0.0,3
6,BA,0.0,0.0,0.0,3
7,AA,0.0,0.0,0.0,3
